EffectBase,Category,Levels,Overlap,Demerit,Existing,note
-,-,none,✕,FALSE,-,
最大HP上昇,能力値,none,〇,TRUE,,+10%
最大FP上昇,能力値,none,〇,TRUE,,15%
最大スタミナ上昇,能力値,none,〇,TRUE,,1.12倍
強靭度,能力値,＋３,〇,FALSE,〇,既存効果'+1~2は出ない
小砦の強敵を倒す度、取得ルーン増加、発見力上昇,能力値,none,✕,FALSE,,取得ルーン+5.5%
大教会の強敵を倒す度、最大HP上昇,能力値,none,✕,FALSE,,+5%
大野営地の強敵を倒す度、最大スタミナ上昇,能力値,none,✕,FALSE,,+7.5%
遺跡の強敵を倒す度、神秘上昇,能力値,none,✕,FALSE,,
物理攻撃力上昇,攻撃力,"none,＋１,＋２,＋３,＋４",〇,"＋３,＋４",,+3%/+4%/+5%/+8%/+10%
属性攻撃力上昇,攻撃力,"none,＋１,＋２",〇,"＋１,＋２",,+4%/+8%/+10%
魔力攻撃力上昇,攻撃力,"none,＋１,＋２,＋３,＋４",〇,"＋３,＋４",,+4%/+5%/+6%/+10%/+12%
炎攻撃力上昇,攻撃力,"none,＋１,＋２,＋３,＋４",〇,"＋３,＋４",,+4%/+5%/+6%/+10%/+12%
雷攻撃力上昇,攻撃力,"none,＋１,＋２,＋３,＋４",〇,"＋３,＋４",,+4%/+5%/+6%/+10%/+12%
聖攻撃力上昇,攻撃力,"none,＋１,＋２,＋３,＋４",〇,"＋３,＋４",,+4%/+5%/+6%/+10%/+12%
通常攻撃の1段目強化,攻撃力,none,〇,FALSE,〇,既存効果
致命の一撃強化,攻撃力,none,〇,FALSE,〇,既存効果
魔術強化,攻撃力,"none,＋１,＋２",〇,"＋１,＋２",,+4%/+8%/+10%
祈祷強化,攻撃力,"none,＋１,＋２",〇,"＋１,＋２",,+4%/+8%/+10%
ガードカウンター強化,攻撃力,"none,＋１,＋２",〇,"＋１,＋２",,+15%/+22%/+26%
ガードカウンターに、自身の現在HPの一部を加える,攻撃力,none,✕,FALSE,〇,既存効果
脂アイテム使用時、追加で物理攻撃力上昇,攻撃力,"none,＋１,＋２",〇,"＋１,＋２",,+10%/+17%/+20%
投擲壺の攻撃力上昇,攻撃力,"none,＋１",〇,FALSE,,約1.15倍/1.3倍
投擲ナイフの攻撃力上昇,攻撃力,"none,＋１",〇,FALSE,,約1.14倍/1.3倍
輝石、重力石アイテムの攻撃力上昇,攻撃力,"none,＋１",〇,FALSE,,約1.15倍/1.3倍
調香術強化,攻撃力,"none,＋１",〇,FALSE,,約1.14倍/1.3倍
敵を倒したときのアーツゲージ蓄積増加,スキル／アーツ,"none,＋１",△,＋１,,5%分/6.5%分
致命の一撃で、アーツゲージ蓄積増加,スキル／アーツ,"none,＋１",△,＋１,,5%分/6.5%分
ガード成功時、アーツゲージを蓄積,スキル／アーツ,"none,＋１",△,＋１,,1%分/1.5%分
輝剣の魔術を強化,魔術／祈祷,none,〇,FALSE,〇,既存効果+0のみ
石掘りの魔術を強化,魔術／祈祷,none,〇,FALSE,〇,既存効果+0のみ
カーリアの剣の魔術を強化,魔術／祈祷,none,〇,FALSE,〇,既存効果+0のみ
不可視の魔術を強化,魔術／祈祷,none,〇,FALSE,〇,既存効果+0のみ
結晶人の魔術を強化,魔術／祈祷,none,〇,FALSE,〇,既存効果+0のみ
重力の魔術を強化,魔術／祈祷,none,〇,FALSE,〇,既存効果+0のみ
茨の魔術を強化,魔術／祈祷,none,〇,FALSE,〇,既存効果+0のみ
黄金律原理主義の祈祷を強化,魔術／祈祷,none,〇,FALSE,〇,既存効果+0のみ
王都古竜信仰の祈祷を強化,魔術／祈祷,none,〇,FALSE,〇,既存効果+0のみ
巨人の火の祈祷を強化,魔術／祈祷,none,〇,FALSE,〇,既存効果+0のみ
神狩りの祈祷を強化,魔術／祈祷,none,〇,FALSE,〇,既存効果+0のみ
獣の祈祷を強化,魔術／祈祷,none,〇,FALSE,〇,既存効果+0のみ
狂い火の祈祷を強化,魔術／祈祷,none,〇,FALSE,〇,既存効果+0のみ
竜餐の祈祷を強化,魔術／祈祷,none,〇,FALSE,〇,既存効果+0のみ
物理カット率上昇,カット率,"＋１,＋２",〇,"＋１,＋２",,"約10%/約12%,+0は常夜カリゴ遺物限定"
属性カット率上昇,カット率,"none,＋１,＋２",〇,"＋１,＋２",,約6%/10%/12%
魔力カット率上昇,カット率,"none,＋１,＋２",〇,"＋１,＋２",,約10%/15%/16%
炎カット率上昇,カット率,"none,＋１,＋２",〇,"＋１,＋２",,約10%/15%/16%
雷カット率上昇,カット率,"none,＋１,＋２",〇,"＋１,＋２",,約10%/15%/16%
聖カット率上昇,カット率,"none,＋１,＋２",〇,"＋１,＋２",,約10%/15%/16%
HP低下時、カット率上昇,カット率,none,〇,FALSE,〇,既存効果
ダメージで吹き飛ばされた時、強靭度とカット率上昇,カット率,none,✕,FALSE,〇,既存効果
毒耐性上昇,状態異常耐性,"none,＋１",〇,FALSE,,+75/+110
腐敗耐性上昇,状態異常耐性,"none,＋１",〇,FALSE,,+75/+110
出血耐性上昇,状態異常耐性,"none,＋１",〇,FALSE,,+75/+110
冷気耐性上昇,状態異常耐性,"none,＋１",〇,FALSE,,+75/+110
睡眠耐性上昇,状態異常耐性,"none,＋１",〇,FALSE,,+75/+110
発狂耐性上昇,状態異常耐性,"none,＋１",〇,FALSE,,+75/+110
抗死耐性上昇,状態異常耐性,"none,＋１",〇,FALSE,,+75/+110
HP低下時、周囲の味方を含めHPをゆっくりと回復,回復,none,✕,FALSE,〇,既存効果
ガード成功時、HPを回復,回復,none,✕,FALSE,〇,既存効果
刺突カウンター発生時、HP回復,回復,"none,＋１",△,＋１,,"回復量は最大HP2.5%/3.3%,+値が違えば重複可"
ダメージを受けた直後、攻撃によりHPの一部を回復,回復,"none,＋１,＋２",△,"＋１,＋２",,"+1以上はピンクゲージの回復量が増加,回復量補正：0/+25％/+35％,+1と+2は重複可、同値は重複不可？(要検証),+0は補正0%なので他と重複しても効果無し"
苔薬などのアイテム使用でHP回復,回復,"none,＋１",△,FALSE,,"50/80回復,+値が違えば重複可"
聖杯瓶の回復量上昇,回復,none,〇,FALSE,,10%(乗算)
消費FP軽減,回復,none,〇,FALSE,,約7%
攻撃命中時、スタミナ回復,回復,none,✕,FALSE,〇,既存効果
致命の一撃で、スタミナ回復速度上昇,回復,"none,＋１",△,FALSE,,"約15%/25%　15秒間持続,+値が違えば重複可"
致命の一撃で、ルーンを取得,アクション,none,✕,FALSE,〇,既存効果
ガード中、敵に狙われやすくなる,アクション,none,△,FALSE,〇,"既存効果,祈祷「シャブリリの叫び」との重ね掛けは可能"
毒状態の敵に対する攻撃を強化,アクション,"none,＋１,＋２",△,"＋１,＋２",,"+10%/+16%/+20%,+値が違えば重複可"
腐敗状態の敵に対する攻撃を強化,アクション,"none,＋１,＋２",△,"＋１,＋２",,"+10%/+16%/+20%,+値が違えば重複可"
凍傷状態の敵に対する攻撃を強化,アクション,"none,＋１,＋２",△,"＋１,＋２",,"+10%/+16%/+20%,+値が違えば重複可"
周囲で睡眠状態の発生時、攻撃力上昇,アクション,"none,＋１",✕,＋１,,+12%/+22%
周囲で発狂状態の発生時、攻撃力上昇,アクション,"none,＋１",✕,＋１,,+12%/+22%
出撃時に「火花の香り」を持つ,出撃時のアイテム,none,〇,FALSE,,"2個,調香術強化の対象"
出撃時に「鉄壺の香薬」を持つ,出撃時のアイテム,none,〇,FALSE,,2個
出撃時に「高揚の香り」を持つ,出撃時のアイテム,none,〇,FALSE,,2個
出撃時に「酸の噴霧」を持つ,出撃時のアイテム,none,〇,FALSE,,2個
出撃時に「狂熱の香薬」を持つ,出撃時のアイテム,none,〇,FALSE,,2個
出撃時に「小さなポーチ」を持つ,出撃時のアイテム,none,〇,FALSE,〇,既存効果
出撃時に「緋色の結晶雫」を持つ,出撃時のアイテム(結晶の雫),none,〇,FALSE,,
出撃時に「緋溢れの結晶雫」を持つ,出撃時のアイテム(結晶の雫),none,〇,FALSE,,
出撃時に「緋湧きの結晶雫」を持つ,出撃時のアイテム(結晶の雫),none,〇,FALSE,,
出撃時に「青色の結晶雫」を持つ,出撃時のアイテム(結晶の雫),none,〇,FALSE,,
出撃時に「緑湧きの結晶雫」を持つ,出撃時のアイテム(結晶の雫),none,〇,FALSE,,
出撃時に「真珠色の硬雫」を持つ,出撃時のアイテム(結晶の雫),none,〇,FALSE,,
出撃時に「斑彩色の硬雫」を持つ,出撃時のアイテム(結晶の雫),none,〇,FALSE,,
出撃時に「鉛色の硬雫」を持つ,出撃時のアイテム(結晶の雫),none,〇,FALSE,,
出撃時に「魔力纏いの割れ雫」を持つ,出撃時のアイテム(結晶の雫),none,〇,FALSE,,
出撃時に「炎纏いの割れ雫」を持つ,出撃時のアイテム(結晶の雫),none,〇,FALSE,,
出撃時に「雷纏いの割れ雫」を持つ,出撃時のアイテム(結晶の雫),none,〇,FALSE,,
出撃時に「聖纏いの割れ雫」を持つ,出撃時のアイテム(結晶の雫),none,〇,FALSE,,
出撃時に「岩棘の割れ雫」を持つ,出撃時のアイテム(結晶の雫),none,〇,FALSE,,
出撃時に「大棘の割れ雫」を持つ,出撃時のアイテム(結晶の雫),none,〇,FALSE,,
出撃時に「連棘の割れ雫」を持つ,出撃時のアイテム(結晶の雫),none,〇,FALSE,,
出撃時に「細枝の割れ雫」を持つ,出撃時のアイテム(結晶の雫),none,〇,FALSE,,
出撃時に「風の結晶雫」を持つ,出撃時のアイテム(結晶の雫),none,〇,FALSE,,
出撃時に「緋色の泡雫」を持つ,出撃時のアイテム(結晶の雫),none,〇,FALSE,,
出撃時に「緋色渦の泡雫」を持つ,出撃時のアイテム(結晶の雫),none,〇,FALSE,,
出撃時に「真珠色の泡雫」を持つ,出撃時のアイテム(結晶の雫),none,〇,FALSE,,
出撃時に「青色の秘雫」を持つ,出撃時のアイテム(結晶の雫),none,〇,FALSE,,
出撃時に「破裂した結晶雫」を持つ,出撃時のアイテム(結晶の雫),none,〇,FALSE,,
自身と味方の取得ルーン増加,チームメンバー,none,〇,FALSE,〇,既存効果
自身を除く、周囲の味方のスタミナ回復速度上昇,チームメンバー,none,✕,FALSE,〇,既存効果
聖杯瓶の回復を、周囲の味方に分配,チームメンバー,none,✕,FALSE,〇,既存効果
敵を倒した時、自身を除く周囲の味方のHPを回復,チームメンバー,none,✕,FALSE,〇,既存効果
アイテムの効果が周囲の味方にも発動,チームメンバー,none,✕,FALSE,〇,既存効果
埋もれ宝の位置を地図に表示,マップ環境,none,✕,FALSE,〇,既存効果
出撃中、ショップでの購入に必要なルーンが割引,マップ環境,none,✕,FALSE,〇,既存効果
【追跡者】精神力上昇、生命力低下,追跡者,none,✕,FALSE,,"Lv.15時、生命力-5, 精神力+10"
【追跡者】知力/信仰上昇、筋力/技量低下,追跡者,none,✕,FALSE,,"Lv.15時、知力+15, 信仰+15, 筋力-7, 技量-5"
【追跡者】スキルに、出血の状態異常を付加,追跡者,none,✕,FALSE,,出血の蓄積量は当て60、引っ張り55、素のダメージに影響はない
【守護者】筋力/技量上昇、生命力低下,守護者,none,✕,FALSE,,"Lv.15時、筋力+9, 技量+19, 生命力-8"
【守護者】精神力/信仰上昇、生命力低下,守護者,none,✕,FALSE,,"Lv.15時、精神力+8, 信仰+17, 生命力-6"
【守護者】スキル使用時、周囲の味方のカット率上昇,守護者,none,✕,FALSE,,自分を含め、周囲の味方に約18%のカット率上昇を30秒間付与。この効果中に再使用でその時から30秒間有効
【鉄の目】生命力/筋力上昇、技量低下,鉄の目,none,✕,FALSE,,"Lv.15時、生命力+5, 筋力+20, 技量-13"
【鉄の目】神秘上昇、技量低下,鉄の目,none,✕,FALSE,,"Lv.15時、神秘+15, 技量-9"
【鉄の目】スキルに毒の状態異常を付加して毒状態の敵に大ダメージ,鉄の目,none,✕,FALSE,,毒の蓄積量は70、毒状態の敵に与えるダメージ量はマーキングの素ダメージ＋250＋対象の最大HP0.25%分
【レディ】生命力/筋力上昇、精神力低下,レディ,none,✕,FALSE,,"Lv.15時、生命力+3,筋力+24, 精神力-14"
【レディ】精神力/信仰上昇、知力低下,レディ,none,✕,FALSE,,"Lv.15時、精神力+3, 信仰+13, 知力-5"
【レディ】スキル使用時、僅かに無敵,レディ,none,✕,FALSE,,本人の回避一段止めと同じぐらいの無敵時間。回避の後隙、攻撃動作中、怯みモーション中も無敵になれる。掴み攻撃は拘束されるものの、ダメージは無敵で回避可能
【無頼漢】精神力/知力上昇、生命力/持久力低下,無頼漢,none,✕,FALSE,,"Lv.15時、精神力+9, 知力+35, 生命力-8, 持久力-4"
【無頼漢】神秘上昇、生命力低下,無頼漢,none,✕,FALSE,,"Lv.15時、神秘+17, 生命力-4"
【無頼漢】スキル命中時、敵の攻撃力低下,無頼漢,none,✕,FALSE,,13秒間、対象の与ダメージ約15%低下
【復讐者】生命力/持久力上昇、精神力低下,復讐者,none,✕,FALSE,,"Lv.15時、生命力+5, 持久力+5, 精神力-11"
【復讐者】筋力上昇、信仰低下,復讐者,none,✕,FALSE,,"Lv.15時、筋力+25, 信仰-6"
【復讐者】アビリティ発動時、最大FP上昇,復讐者,none,✕,FALSE,,効果は最大60回まで累積し、永続する。上昇値はスタック数で変動。1～20体まで+0.75%、21～40体まで+0.85%、41～60体まで+0.95%。最大スタックで+51%
【隠者】生命力/持久力/技量上昇、知力/信仰低下,隠者,none,✕,FALSE,,"Lv.15時、生命力+4, 持久力+5, 技量+20, 知力-10, 信仰-10"
【隠者】知力/信仰上昇、精神力低下,隠者,none,✕,FALSE,,"Lv.15時、知力+12, 信仰+12, 精神力-13"
【隠者】属性痕を集めた時、対応する属性カット率上昇,隠者,none,✕,FALSE,,属性痕を一つ集めると対応する属性カット率が30秒間約20%上昇
【執行者】生命力/持久力上昇、神秘低下,執行者,none,✕,FALSE,,"Lv.15時、生命力+5, 持久力+6,神秘-13"
【執行者】技量/神秘上昇、生命力低下,執行者,none,✕,FALSE,,"Lv.15時、技量+12, 神秘+9, 生命力-7"
【執行者】アビリティ発動時、HPをゆっくりと回復,執行者,none,✕,FALSE,,1秒毎に最大HP✕0.0025＋3の回復量。Lv15で約5/sの回復量。持続25秒
短剣の攻撃力上昇,短剣,none,〇,FALSE,〇,
短剣の攻撃でHP回復,短剣,none,✕,FALSE,〇,
短剣の攻撃でFP回復,短剣,none,✕,FALSE,〇,
短剣の武器種を3つ以上装備していると攻撃力上昇,短剣,none,✕,FALSE,〇,
直剣の攻撃力上昇,直剣,none,〇,FALSE,〇,
直剣の攻撃でHP回復,直剣,none,✕,FALSE,〇,
直剣の攻撃でFP回復,直剣,none,✕,FALSE,〇,
直剣の武器種を3つ以上装備していると攻撃力上昇,直剣,none,✕,FALSE,〇,
大剣の攻撃力上昇,大剣,none,〇,FALSE,〇,
大剣の攻撃でHP回復,大剣,none,✕,FALSE,〇,
大剣の攻撃でFP回復,大剣,none,✕,FALSE,〇,
大剣の武器種を3つ以上装備していると攻撃力上昇,大剣,none,✕,FALSE,〇,
特大剣の攻撃力上昇,特大剣,none,〇,FALSE,〇,
特大剣の攻撃でHP回復,特大剣,none,✕,FALSE,〇,
特大剣の攻撃でFP回復,特大剣,none,✕,FALSE,〇,
特大剣の武器種を3つ以上装備していると攻撃力上昇,特大剣,none,✕,FALSE,〇,
刺剣の攻撃力上昇,刺剣,none,〇,FALSE,〇,
刺剣の攻撃でHP回復,刺剣,none,✕,FALSE,〇,
刺剣の攻撃でFP回復,刺剣,none,✕,FALSE,〇,
刺剣の武器種を3つ以上装備していると攻撃力上昇,刺剣,none,✕,FALSE,〇,
重刺剣の攻撃力上昇,重刺剣,none,〇,FALSE,〇,
重刺剣の攻撃でHP回復,重刺剣,none,✕,FALSE,〇,
重刺剣の攻撃でFP回復,重刺剣,none,✕,FALSE,〇,
重刺剣の武器種を3つ以上装備していると攻撃力上昇,重刺剣,none,✕,FALSE,〇,
曲剣の攻撃力上昇,曲剣,none,〇,FALSE,〇,
曲剣の攻撃でHP回復,曲剣,none,✕,FALSE,〇,
曲剣の攻撃でFP回復,曲剣,none,✕,FALSE,〇,
曲剣の武器種を3つ以上装備していると攻撃力上昇,曲剣,none,✕,FALSE,〇,
大曲剣の攻撃力上昇,大曲剣,none,〇,FALSE,〇,
大曲剣の攻撃でHP回復,大曲剣,none,✕,FALSE,〇,
大曲剣の攻撃でFP回復,大曲剣,none,✕,FALSE,〇,
大曲剣の武器種を3つ以上装備していると攻撃力上昇,大曲剣,none,✕,FALSE,〇,
刀の攻撃力上昇,刀,none,〇,FALSE,〇,
刀の攻撃でHP回復,刀,none,✕,FALSE,〇,
刀の攻撃でFP回復,刀,none,✕,FALSE,〇,
刀の武器種を3つ以上装備していると攻撃力上昇,刀,none,✕,FALSE,〇,
両刃剣の攻撃力上昇,両刃剣,none,〇,FALSE,〇,
両刃剣の攻撃でHP回復,両刃剣,none,✕,FALSE,〇,
両刃剣の攻撃でFP回復,両刃剣,none,✕,FALSE,〇,
両刃剣の武器種を3つ以上装備していると攻撃力上昇,両刃剣,none,✕,FALSE,〇,
斧の攻撃力上昇,斧,none,〇,FALSE,〇,
斧の攻撃でHP回復,斧,none,✕,FALSE,〇,
斧の攻撃でFP回復,斧,none,✕,FALSE,〇,
斧の武器種を3つ以上装備していると攻撃力上昇,斧,none,✕,FALSE,〇,
大斧の攻撃力上昇,大斧,none,〇,FALSE,〇,
大斧の攻撃でHP回復,大斧,none,✕,FALSE,〇,
大斧の攻撃でFP回復,大斧,none,✕,FALSE,〇,
大斧の武器種を3つ以上装備していると攻撃力上昇,大斧,none,✕,FALSE,〇,
槌の攻撃力上昇,槌,none,〇,FALSE,〇,
槌の攻撃でHP回復,槌,none,✕,FALSE,〇,
槌の攻撃でFP回復,槌,none,✕,FALSE,〇,
槌の武器種を3つ以上装備していると攻撃力上昇,槌,none,✕,FALSE,〇,
フレイルの攻撃力上昇,フレイル,none,〇,FALSE,〇,
フレイルの攻撃でHP回復,フレイル,none,✕,FALSE,〇,
フレイルの攻撃でFP回復,フレイル,none,✕,FALSE,〇,
フレイルの武器種を3つ以上装備していると攻撃力上昇,フレイル,none,✕,FALSE,〇,
大槌の攻撃力上昇,大槌,none,〇,FALSE,〇,
大槌の攻撃でHP回復,大槌,none,✕,FALSE,〇,
大槌の攻撃でFP回復,大槌,none,✕,FALSE,〇,
大槌の武器種を3つ以上装備していると攻撃力上昇,大槌,none,✕,FALSE,〇,
特大武器の攻撃力上昇,特大武器,none,〇,FALSE,〇,
特大武器の攻撃でHP回復,特大武器,none,✕,FALSE,〇,
特大武器の攻撃でFP回復,特大武器,none,✕,FALSE,〇,
特大武器の武器種を3つ以上装備していると攻撃力上昇,特大武器,none,✕,FALSE,〇,
槍の攻撃力上昇,槍,none,〇,FALSE,〇,
槍の攻撃でHP回復,槍,none,✕,FALSE,〇,
槍の攻撃でFP回復,槍,none,✕,FALSE,〇,
槍の武器種を3つ以上装備していると攻撃力上昇,槍,none,✕,FALSE,〇,
大槍の攻撃力上昇,大槍,none,〇,FALSE,〇,
大槍の攻撃でHP回復,大槍,none,✕,FALSE,〇,
大槍の攻撃でFP回復,大槍,none,✕,FALSE,〇,
大槍の武器種を3つ以上装備していると攻撃力上昇,大槍,none,✕,FALSE,〇,
斧槍の攻撃力上昇,斧槍,none,〇,FALSE,〇,
斧槍の攻撃でHP回復,斧槍,none,✕,FALSE,〇,
斧槍の攻撃でFP回復,斧槍,none,✕,FALSE,〇,
斧槍の武器種を3つ以上装備していると攻撃力上昇,斧槍,none,✕,FALSE,〇,
鎌の攻撃力上昇,鎌,none,〇,FALSE,〇,
鎌の攻撃でHP回復,鎌,none,✕,FALSE,〇,
鎌の攻撃でFP回復,鎌,none,✕,FALSE,〇,
鎌の武器種を3つ以上装備していると攻撃力上昇,鎌,none,✕,FALSE,〇,
鞭の攻撃力上昇,鞭,none,〇,FALSE,〇,
鞭の攻撃でHP回復,鞭,none,✕,FALSE,〇,
鞭の攻撃でFP回復,鞭,none,✕,FALSE,〇,
鞭の武器種を3つ以上装備していると攻撃力上昇,鞭,none,✕,FALSE,〇,
拳の攻撃力上昇,拳,none,〇,FALSE,〇,
拳の攻撃でHP回復,拳,none,✕,FALSE,〇,
拳の攻撃でFP回復,拳,none,✕,FALSE,〇,
拳の武器種を3つ以上装備していると攻撃力上昇,拳,none,✕,FALSE,〇,
爪の攻撃力上昇,爪,none,〇,FALSE,〇,
爪の攻撃でHP回復,爪,none,✕,FALSE,〇,
爪の攻撃でFP回復,爪,none,✕,FALSE,〇,
爪の武器種を3つ以上装備していると攻撃力上昇,爪,none,✕,FALSE,〇,
弓の攻撃力上昇,弓,none,〇,FALSE,〇,
弓の攻撃でHP回復,弓,none,✕,FALSE,〇,
弓の攻撃でFP回復,弓,none,✕,FALSE,〇,
弓の武器種を3つ以上装備していると攻撃力上昇,弓,none,✕,FALSE,〇,
小盾の武器種を3つ以上装備していると最大HP上昇,小盾,none,✕,FALSE,〇,
中盾の武器種を3つ以上装備していると最大HP上昇,中盾,none,✕,FALSE,〇,
大盾の武器種を3つ以上装備していると最大HP上昇,大盾,none,✕,FALSE,〇,
杖の武器種を3つ以上装備していると最大FP上昇,杖,none,✕,FALSE,〇,
聖印の武器種を3つ以上装備していると最大FP上昇,聖印,none,✕,FALSE,〇,
潜在する力から、短剣を見つけやすくなる,短剣,none,✕,FALSE,,別の武器種を複数付けた場合、左に付けたものが優先される
潜在する力から、直剣を見つけやすくなる,直剣,none,✕,FALSE,,
潜在する力から、大剣を見つけやすくなる,大剣,none,✕,FALSE,,
潜在する力から、特大剣を見つけやすくなる,特大剣,none,✕,FALSE,,
潜在する力から、刺剣を見つけやすくなる,刺剣,none,✕,FALSE,,
潜在する力から、重刺剣を見つけやすくなる,重刺剣,none,✕,FALSE,,
潜在する力から、曲剣を見つけやすくなる,曲剣,none,✕,FALSE,,
潜在する力から、大曲剣を見つけやすくなる,大曲剣,none,✕,FALSE,,
潜在する力から、刀を見つけやすくなる,刀,none,✕,FALSE,,
潜在する力から、両刃剣を見つけやすくなる,両刃剣,none,✕,FALSE,,
潜在する力から、斧を見つけやすくなる,斧,none,✕,FALSE,,
潜在する力から、大斧を見つけやすくなる,大斧,none,✕,FALSE,,
潜在する力から、槌を見つけやすくなる,槌,none,✕,FALSE,,
潜在する力から、フレイルを見つけやすくなる,フレイル,none,✕,FALSE,,
潜在する力から、大槌を見つけやすくなる,大槌,none,✕,FALSE,,
潜在する力から、特大武器を見つけやすくなる,特大武器,none,✕,FALSE,,
潜在する力から、槍を見つけやすくなる,槍,none,✕,FALSE,,
潜在する力から、大槍を見つけやすくなる,大槍,none,✕,FALSE,,
潜在する力から、斧槍を見つけやすくなる,斧槍,none,✕,FALSE,,
潜在する力から、鎌を見つけやすくなる,鎌,none,✕,FALSE,,
潜在する力から、鞭を見つけやすくなる,鞭,none,✕,FALSE,,
潜在する力から、拳を見つけやすくなる,拳,none,✕,FALSE,,
潜在する力から、爪を見つけやすくなる,爪,none,✕,FALSE,,
潜在する力から、弓を見つけやすくなる,弓,none,✕,FALSE,,
潜在する力から、小盾を見つけやすくなる,小盾,none,✕,FALSE,,
潜在する力から、中盾を見つけやすくなる,中盾,none,✕,FALSE,,
潜在する力から、大盾を見つけやすくなる,大盾,none,✕,FALSE,,
潜在する力から、杖を見つけやすくなる,杖,none,✕,FALSE,,
潜在する力から、聖印を見つけやすくなる,聖印,none,✕,FALSE,,
